INSERT INTO api_clients_app.rate_limit_policy_registry (
  policy_name,
  scope,
  immutable,
  is_deprecated
)
VALUES
  ('user_public_v1', 'user', TRUE, FALSE),
  ('user_platform_v1', 'user', TRUE, FALSE),
  ('user_control_v1', 'user', TRUE, FALSE),
  ('client_mobile_prod_high', 'client', TRUE, FALSE),
  ('client_platform_medium', 'client', TRUE, FALSE),
  ('client_control_medium', 'client', TRUE, FALSE),
  ('client_dev_low', 'client', TRUE, FALSE)
ON CONFLICT (policy_name, scope) DO NOTHING;

INSERT INTO api_clients_app.rate_limit_policies (
  policy_name,
  scope,
  route_group,
  requests_per_min,
  requests_per_hour,
  burst,
  enabled,
  immutable
)
VALUES
  ('user_public_v1', 'user', 'default', 120, 7200, 40, TRUE, TRUE),
  ('user_public_v1', 'user', 'media', 60, 2400, 20, TRUE, TRUE),
  ('user_public_v1', 'user', 'devices', 90, 3600, 30, TRUE, TRUE),
  ('user_platform_v1', 'user', 'default', 80, 3600, 25, TRUE, TRUE),
  ('user_platform_v1', 'user', 'support', 100, 5000, 35, TRUE, TRUE),
  ('user_control_v1', 'user', 'default', 60, 2400, 20, TRUE, TRUE),
  ('user_control_v1', 'user', 'system', 40, 1800, 15, TRUE, TRUE),

  ('client_mobile_prod_high', 'client', 'default', 10000, 240000, 400, TRUE, TRUE),
  ('client_mobile_prod_high', 'client', 'auth', 1000, 24000, 80, TRUE, TRUE),
  ('client_mobile_prod_high', 'client', 'media', 3000, 72000, 120, TRUE, TRUE),

  ('client_platform_medium', 'client', 'default', 3000, 72000, 120, TRUE, TRUE),
  ('client_platform_medium', 'client', 'support', 1500, 36000, 80, TRUE, TRUE),

  ('client_control_medium', 'client', 'default', 1200, 24000, 60, TRUE, TRUE),
  ('client_control_medium', 'client', 'system', 1000, 18000, 50, TRUE, TRUE),

  ('client_dev_low', 'client', 'default', 300, 6000, 30, TRUE, TRUE),
  ('client_dev_low', 'client', 'auth', 80, 1500, 15, TRUE, TRUE)
ON CONFLICT (policy_name, scope, route_group) DO NOTHING;

INSERT INTO api_clients_app.api_clients (
  client_id,
  client_type,
  status,
  environment,
  rate_limit_profile,
  min_app_version,
  display_name,
  platform,
  surface,
  allowed_audiences,
  allowed_origins,
  user_rate_policy,
  client_safety_policy,
  is_version_enforced,
  require_mtls,
  notes
)
VALUES
  (
    'wildon-android-prod',
    'public',
    'active',
    'prod',
    'public_mobile_v1',
    '1.0.0',
    'Wildon Android Production',
    'android',
    'public',
    ARRAY['public'],
    ARRAY[]::TEXT[],
    'user_public_v1',
    'client_mobile_prod_high',
    TRUE,
    FALSE,
    'seed baseline client'
  ),
  (
    'wildon-ios-prod',
    'public',
    'active',
    'prod',
    'public_mobile_v1',
    '1.0.0',
    'Wildon iOS Production',
    'ios',
    'public',
    ARRAY['public'],
    ARRAY[]::TEXT[],
    'user_public_v1',
    'client_mobile_prod_high',
    TRUE,
    FALSE,
    'seed baseline client'
  ),
  (
    'wildon-web-prod',
    'public',
    'active',
    'prod',
    'public_mobile_v1',
    '1.0.0',
    'Wildon Web Production',
    'web',
    'public',
    ARRAY['public'],
    ARRAY['https://my.wildon.com.au'],
    'user_public_v1',
    'client_mobile_prod_high',
    TRUE,
    FALSE,
    'seed baseline client'
  ),
  (
    'wildon-android-dev',
    'public',
    'active',
    'dev',
    'public_mobile_v1',
    '1.0.0',
    'Wildon Android Development',
    'android',
    'public',
    ARRAY['public'],
    ARRAY[]::TEXT[],
    'user_public_v1',
    'client_dev_low',
    FALSE,
    FALSE,
    'seed baseline client'
  ),
  (
    'wildon-ios-dev',
    'public',
    'active',
    'dev',
    'public_mobile_v1',
    '1.0.0',
    'Wildon iOS Development',
    'ios',
    'public',
    ARRAY['public'],
    ARRAY[]::TEXT[],
    'user_public_v1',
    'client_dev_low',
    FALSE,
    FALSE,
    'seed baseline client'
  ),
  (
    'wildon-web-dev',
    'public',
    'active',
    'dev',
    'public_mobile_v1',
    '1.0.0',
    'Wildon Web Development',
    'web',
    'public',
    ARRAY['public'],
    ARRAY['http://localhost:3000', 'http://localhost:5173', 'http://localhost:7000'],
    'user_public_v1',
    'client_dev_low',
    FALSE,
    FALSE,
    'seed baseline client'
  ),
  (
    'wildon-control-dashboard-prod',
    'public',
    'active',
    'prod',
    'control_v1',
    '',
    'Wildon Control Dashboard Production',
    'web',
    'control',
    ARRAY['control'],
    ARRAY[]::TEXT[],
    'user_control_v1',
    'client_control_medium',
    FALSE,
    FALSE,
    'seed control dashboard web client'
  ),
  (
    'wildon-control-dashboard-dev',
    'public',
    'active',
    'dev',
    'control_v1',
    '',
    'Wildon Control Dashboard Development',
    'web',
    'control',
    ARRAY['control'],
    ARRAY[]::TEXT[],
    'user_control_v1',
    'client_control_medium',
    FALSE,
    FALSE,
    'seed control dashboard web client'
  ),
  (
    'wildon-support-dashboard-prod',
    'public',
    'active',
    'prod',
    'platform_v1',
    '',
    'Wildon Support Dashboard Production',
    'web',
    'platform',
    ARRAY['platform'],
    ARRAY['https://support.wildon.com.au'],
    'user_platform_v1',
    'client_platform_medium',
    FALSE,
    FALSE,
    'seed support dashboard web client'
  ),
  (
    'wildon-support-dashboard-dev',
    'public',
    'active',
    'dev',
    'platform_v1',
    '',
    'Wildon Support Dashboard Development',
    'web',
    'platform',
    ARRAY['platform'],
    ARRAY['http://localhost:3000', 'http://localhost:5173', 'http://localhost:7000'],
    'user_platform_v1',
    'client_dev_low',
    FALSE,
    FALSE,
    'seed support dashboard web client'
  ),
  (
    'wildon-internal-worker-prod',
    'confidential',
    'active',
    'prod',
    'platform_v1',
    '',
    'Wildon Internal Worker Production',
    'internal',
    'platform',
    ARRAY['platform'],
    ARRAY[]::TEXT[],
    'user_platform_v1',
    'client_platform_medium',
    FALSE,
    TRUE,
    'seed confidential worker client'
  ),
  (
    'wildon-internal-worker-dev',
    'confidential',
    'active',
    'dev',
    'platform_v1',
    '',
    'Wildon Internal Worker Development',
    'internal',
    'platform',
    ARRAY['platform'],
    ARRAY[]::TEXT[],
    'user_platform_v1',
    'client_dev_low',
    FALSE,
    TRUE,
    'seed confidential worker client'
  )
ON CONFLICT (client_id)
DO UPDATE SET
  client_type = EXCLUDED.client_type,
  status = EXCLUDED.status,
  environment = EXCLUDED.environment,
  rate_limit_profile = EXCLUDED.rate_limit_profile,
  min_app_version = EXCLUDED.min_app_version,
  display_name = EXCLUDED.display_name,
  platform = EXCLUDED.platform,
  surface = EXCLUDED.surface,
  allowed_audiences = EXCLUDED.allowed_audiences,
  allowed_origins = EXCLUDED.allowed_origins,
  user_rate_policy = EXCLUDED.user_rate_policy,
  client_safety_policy = EXCLUDED.client_safety_policy,
  is_version_enforced = EXCLUDED.is_version_enforced,
  require_mtls = EXCLUDED.require_mtls,
  notes = EXCLUDED.notes,
  updated_at = NOW();
